variable,date,best_model,rmse_vs_era5,correlation_vs_era5
Air temperature,2015-01-01,RBF linear,271.98389904090857,0.9489753577187631
Air temperature,2015-01-02,RBF linear,272.65128741721963,0.7623206128575871
Air temperature,2015-01-03,RBF linear,272.2066214813407,0.8301823440773198
Air temperature,2015-01-04,RBF linear,283.01029014024823,0.5106021454517949
Air temperature,2015-01-05,RBF linear,287.56354161422576,0.5355246391582423
Air temperature,2015-01-06,RBF linear,290.4578534066102,0.7335028830821233
Air temperature,2015-01-07,RBF linear,295.44317004126685,0.6505745171111158
Air temperature,2015-01-08,RBF linear,298.20880151548096,0.5825432191399502
Air temperature,2015-01-09,RBF linear,296.2612268162941,0.45242979768925606
Air temperature,2015-01-10,RBF linear,290.73512568414424,0.8474297051970405
Air temperature,2015-01-11,RBF linear,285.39211892193816,0.8886753474553576
Air temperature,2015-01-12,RBF linear,276.0568503091258,0.8315989616803522
Air temperature,2015-02-01,RBF linear,272.0932435070123,0.8583104454661004
Air temperature,2015-02-02,RBF linear,272.26080126046435,0.9512458157552995
Air temperature,2015-02-03,RBF linear,274.40248824905945,0.8880224554664489
Air temperature,2015-02-04,RBF linear,281.9386428197595,0.6969067472327848
Air temperature,2015-02-05,RBF linear,285.97127006096423,0.3750544091561824
Air temperature,2015-02-06,RBF linear,287.1632449742179,0.7065991171324316
Air temperature,2015-02-07,RBF linear,289.0213708034888,0.7236146135111134
Air temperature,2015-02-08,RBF linear,289.09569763822174,0.7283141617636678
Air temperature,2015-02-09,RBF linear,289.7184204950336,0.4813956577587614
Air temperature,2015-02-10,RBF linear,282.91212973692075,0.9114001524020294
Air temperature,2015-02-11,RBF linear,282.1971041569313,0.7927120615667037
Air temperature,2015-02-12,RBF linear,276.9838271710799,0.7635326270772491
Air temperature,2015-03-01,RBF linear,271.26948868079853,0.8702316991762999
Air temperature,2015-03-02,RBF linear,269.39838888026134,0.768339375413085
Air temperature,2015-03-03,RBF linear,271.88373150038785,0.9447349497806734
Air temperature,2015-03-04,RBF linear,280.52386643649555,0.9460866960095222
Air temperature,2015-03-05,RBF linear,287.13523393443023,0.41372681020537155
Air temperature,2015-03-06,RBF linear,288.05041688776146,0.5961868021841645
Air temperature,2015-03-07,RBF linear,289.4218249475491,0.749216975074824
Air temperature,2015-03-08,RBF linear,288.7611893604556,0.7382346974751688
Air temperature,2015-03-09,RBF linear,286.9866059871379,0.5274236305769034
Air temperature,2015-03-10,RBF linear,277.7185992330393,0.8365950177501175
Air temperature,2015-03-11,RBF linear,275.3050544133008,0.7379540740998398
Air temperature,2015-03-12,RBF linear,269.18425574562104,0.7189027792777543
Air temperature,2015-04-01,RBF linear,262.7040521610176,0.483809523031406
Air temperature,2015-04-02,RBF linear,262.97294006286165,0.6706590092066144
Air temperature,2015-04-03,RBF linear,265.0614284507112,0.8903170387733818
Air temperature,2015-04-04,RBF linear,272.5507776992408,0.9433871640777387
Air temperature,2015-04-05,RBF linear,280.0488755381249,0.6952625640916549
Air temperature,2015-04-06,RBF linear,280.9933021611003,0.8284007378427474
Air temperature,2015-04-07,RBF linear,283.99377554861553,0.6772646035147599
Air temperature,2015-04-08,RBF linear,284.17045011375666,0.8458069090611318
Air temperature,2015-04-09,RBF linear,282.4469515980223,0.7028758516461133
Air temperature,2015-04-10,RBF linear,274.99289274176414,0.8602377682914846
Air temperature,2015-04-11,RBF linear,272.7519320517954,0.7075126288638871
Air temperature,2015-04-12,RBF linear,265.8692487882771,0.7095231937026701
Air temperature,2015-05-01,RBF linear,258.37049155651835,0.607072864932199
Air temperature,2015-05-02,RBF linear,259.3165835576602,0.5138504888121354
Air temperature,2015-05-03,RBF linear,257.549487911411,0.433357818907592
Air temperature,2015-05-04,RBF linear,265.2743309384514,0.716679960067605
Air temperature,2015-05-05,RBF linear,273.0392957545939,0.883836957898493
Air temperature,2015-05-06,RBF linear,275.82727794440046,0.7815139618684989
Air temperature,2015-05-07,RBF linear,279.28167193732213,0.6757240981712823
Air temperature,2015-05-08,RBF linear,279.93229678400746,0.6470095094298244
Air temperature,2015-05-09,RBF linear,279.2524142254255,0.6613879789629634
Air temperature,2015-05-10,RBF linear,272.83343943750344,0.7576953261230761
Air temperature,2015-05-11,RBF linear,270.6417038460407,0.7859401440289724
Air temperature,2015-05-12,RBF linear,265.1937882901704,0.6789302248554796
Air temperature,2015-06-01,RBF linear,254.83980252466344,0.6577276019262097
Air temperature,2015-06-02,RBF linear,257.8044892758985,0.5391055079618028
Air temperature,2015-06-03,RBF linear,256.40057853342415,0.5257818112814521
Air temperature,2015-06-04,RBF linear,264.2159692905065,0.8081125789830876
Air temperature,2015-06-05,RBF linear,269.4634119158773,0.7883603314083647
Air temperature,2015-06-06,RBF linear,272.674513809658,0.9132396080159688
Air temperature,2015-06-07,RBF linear,274.65137294930446,0.7062055816474643
Air temperature,2015-06-08,RBF linear,274.3113988687911,0.7122210154342031
Air temperature,2015-06-09,RBF linear,273.18869074281,0.39164358073217254
Air temperature,2015-06-10,RBF linear,267.6710168093948,0.6566744882753938
Air temperature,2015-06-11,RBF linear,264.4401430277001,0.5807079228285891
Air temperature,2015-06-12,RBF linear,259.5763755073214,0.5010535891175504
Air temperature,2015-07-01,RBF linear,249.21435443200346,0.5064636008220312
Air temperature,2015-07-02,RBF linear,256.570023094641,0.6036761865061202
Air temperature,2015-07-03,RBF linear,255.41560042832927,0.5722436819405453
Air temperature,2015-07-04,RBF linear,261.75565331229797,0.5834750011532769
Air temperature,2015-07-05,RBF linear,266.35646626564284,0.4990258159014476
Air temperature,2015-07-06,RBF linear,270.5997552284571,0.682514055141187
Air temperature,2015-07-07,RBF linear,272.6308134600673,0.887280874985942
Air temperature,2015-07-08,RBF linear,274.0750494321937,0.7020218270388685
Air temperature,2015-07-09,RBF linear,273.41492009631037,0.45350963709595715
Air temperature,2015-07-10,RBF linear,267.01827880250875,0.6280495142247118
Air temperature,2015-07-11,RBF linear,261.3261418142993,0.5894420374924858
Air temperature,2015-07-12,RBF linear,257.8745837908423,0.36676264471872283
Air temperature,2015-08-01,RBF linear,246.56994833815946,0.3722077178814743
Air temperature,2015-08-02,RBF linear,256.35284749441604,0.605154480434028
Air temperature,2015-08-03,RBF linear,256.80070227183637,0.6030011335847829
Air temperature,2015-08-04,RBF linear,261.5778216692929,0.7387008975023096
Air temperature,2015-08-05,RBF linear,265.8474021766686,0.5606979531755263
Air temperature,2015-08-06,RBF linear,271.38920230001577,0.7160193789691911
Air temperature,2015-08-07,RBF linear,271.71746806053386,0.7606984832697572
Air temperature,2015-08-08,RBF linear,273.0575856461469,0.8795752528492197
Air temperature,2015-08-09,RBF linear,272.59880834974155,0.696514984561204
Air temperature,2015-08-10,RBF linear,266.8195289365801,0.701810953338974
Air temperature,2015-08-11,RBF linear,259.9531473696315,0.5878646912614476
Air temperature,2015-08-12,RBF linear,258.39239323407844,0.5143039176238626
Air temperature,2015-09-01,RBF linear,249.1264377899448,0.3157538554210689
Air temperature,2015-09-02,RBF linear,255.64834734824774,0.35542017822719507
Air temperature,2015-09-03,RBF linear,258.5806441913466,0.44021234780030577
Air temperature,2015-09-04,RBF linear,262.5747115624519,0.6198907732105093
Air temperature,2015-09-05,RBF linear,266.5359321946229,0.6382739719342666
Air temperature,2015-09-06,RBF linear,272.8967396175219,0.6100639116684021
Air temperature,2015-09-07,RBF linear,272.71123712291603,0.640540461768883
Air temperature,2015-09-08,RBF linear,273.63830690590464,0.763764819985864
Air temperature,2015-09-09,RBF linear,273.3503202327744,0.9139037653818142
Air temperature,2015-09-10,RBF linear,268.6434491120285,0.7998652536880229
Air temperature,2015-09-11,RBF linear,262.9862480579906,0.7233759105850242
Air temperature,2015-09-12,RBF linear,262.5966939701764,0.7486754490764302
Air temperature,2015-10-01,RBF linear,253.55471553274347,0.7420036901452159
Air temperature,2015-10-02,RBF linear,260.7213561047539,0.8053753105798674
Air temperature,2015-10-03,RBF linear,267.85496321882,0.7871138907285198
Air temperature,2015-10-04,RBF linear,270.04397670438965,0.857065007738516
Air temperature,2015-10-05,RBF linear,272.9175536219823,0.765714311202594
Air temperature,2015-10-06,RBF linear,277.2988023024977,0.7702724408321789
Air temperature,2015-10-07,RBF linear,278.3033722105388,0.7808187597829751
Air temperature,2015-10-08,RBF linear,278.55090057669696,0.7508042933071517
Air temperature,2015-10-09,RBF linear,277.1406612217647,0.8445035510777423
Air temperature,2015-10-10,RBF linear,272.95084529921814,0.8898142746641619
Air temperature,2015-10-11,RBF linear,265.65561921682604,0.7287624715326213
Air temperature,2015-10-12,RBF linear,264.9360498348901,0.8735746782312055
Air temperature,2015-11-01,RBF linear,259.6384586815704,0.7803996834633501
Air temperature,2015-11-02,RBF linear,262.0910917271388,0.6414658156587315
Air temperature,2015-11-03,RBF linear,270.50895766192826,0.7949460992618498
Air temperature,2015-11-04,RBF linear,272.4036408926035,0.798092840439825
Air temperature,2015-11-05,RBF linear,275.2991891011001,0.8165969307951305
Air temperature,2015-11-06,RBF linear,281.3950486581958,0.7059461949817759
Air temperature,2015-11-07,RBF linear,284.3112206328068,0.6429077828245978
Air temperature,2015-11-08,RBF linear,285.14933182544826,0.6072330380029003
Air temperature,2015-11-09,RBF linear,282.1499694769007,0.7063494262297287
Air temperature,2015-11-10,RBF linear,279.4812085969859,0.6065779948341959
Air temperature,2015-11-11,RBF linear,271.6753654732809,0.9343044084011172
Air temperature,2015-11-12,RBF linear,272.3056715796822,0.902237518115875
Air temperature,2015-12-01,RBF linear,268.34914423454313,0.7839006470411757
Air temperature,2015-12-02,RBF linear,267.66043662622894,0.5483723625430242
Air temperature,2015-12-03,RBF linear,276.39864529974375,0.6229213672843638
Air temperature,2015-12-04,RBF linear,278.76377670265043,0.6449989752591717
Air temperature,2015-12-05,RBF linear,280.72221128865914,0.7563730002848482
Air temperature,2015-12-06,RBF linear,285.9464430402764,0.6393597028787846
Air temperature,2015-12-07,RBF linear,287.6301422861407,0.5564582786918838
Air temperature,2015-12-08,RBF linear,287.13975233585467,0.6340541209551434
Air temperature,2015-12-09,RBF linear,282.88029238779,0.7474021594825192
Air temperature,2015-12-10,RBF linear,279.78631871203066,0.7647267347983089
Air temperature,2015-12-11,RBF linear,272.10862468995145,0.9170863583380413
Air temperature,2015-12-12,RBF linear,272.2745082384744,0.9665214638671009
Precipitation,2015-01-01,Linear,3.1993906988737124,0.6449462553596498
Precipitation,2015-01-02,Linear,5.217861629442748,0.17279265640736288
Precipitation,2015-01-03,Linear,5.995504934387618,0.32196248607058053
Precipitation,2015-01-04,Linear,1.5494715194813324,0.1563380564154164
Precipitation,2015-01-05,Linear,2.0580769190456625,0.012583280786402678
Precipitation,2015-01-06,Linear,5.926130272180841,0.21523537214670516
Precipitation,2015-01-07,Linear,7.291748679522523,0.4202114031929714
Precipitation,2015-01-08,Linear,5.138105276804482,0.022761014295094053
Precipitation,2015-01-09,Linear,2.267245098721096,-0.10034205718597752
Precipitation,2015-01-10,Linear,7.1351522837235475,0.0753713220291342
Precipitation,2015-01-11,Linear,8.66280224599017,0.27460906075328095
Precipitation,2015-01-12,Linear,7.722943907127295,0.23676625518298428
Precipitation,2015-02-01,Linear,4.431977086637946,0.08438880670143065
Precipitation,2015-02-02,Linear,5.191484348660442,0.6668565010834226
Precipitation,2015-02-03,Linear,3.443903339371965,-0.15691594537153042
Precipitation,2015-02-04,Linear,3.917524862779801,-0.025226805121036713
Precipitation,2015-02-05,Linear,0.5269217896887939,-0.09411831001728654
Precipitation,2015-02-06,Linear,8.114462295509762,0.019293243365351567
Precipitation,2015-02-07,Linear,8.600052779928076,-0.11237482327084362
Precipitation,2015-02-08,Linear,5.081286789056827,-0.017654480508573968
Precipitation,2015-02-09,Linear,2.3719098514726906,0.07969241626082543
Precipitation,2015-02-10,Linear,18.981694244894225,0.49233201264553966
Precipitation,2015-02-11,Linear,6.909478264654166,0.036893004536944454
Precipitation,2015-02-12,Linear,6.042667626292376,0.15969791695154534
Precipitation,2015-03-01,Linear,11.857454727941612,0.4010336624621703
Precipitation,2015-03-02,Linear,3.8671581519919997,-0.07624056953770723
Precipitation,2015-03-03,Linear,3.8179048416019454,0.26363642874809196
Precipitation,2015-03-04,Linear,8.126680549089484,0.5391382604125556
Precipitation,2015-03-05,Linear,2.2844448307078986,-0.11819462820241249
Precipitation,2015-03-06,Linear,8.262344918586733,0.1102515380479766
Precipitation,2015-03-07,Linear,8.192202363650912,-0.069298354200237
Precipitation,2015-03-08,Linear,4.980130936119148,-0.03339569183638578
Precipitation,2015-03-09,Linear,2.830840727160428,0.034029472042662726
Precipitation,2015-03-10,Linear,11.455660106118355,-0.030116425964108285
Precipitation,2015-03-11,Linear,10.964198550546818,-0.05074518922324713
Precipitation,2015-03-12,Linear,10.464529651255024,0.06721722784417915
Precipitation,2015-04-01,Linear,16.918673296455232,0.1836801720238803
Precipitation,2015-04-02,Linear,4.152675458459382,0.02551488777024986
Precipitation,2015-04-03,Linear,7.059150097383599,0.6175967571081411
Precipitation,2015-04-04,Linear,2.9617853721131513,0.3440393085194336
Precipitation,2015-04-05,Linear,3.494292515468088,-0.1262483165128454
Precipitation,2015-04-06,Linear,4.055981035149119,-0.042761914481791174
Precipitation,2015-04-07,Linear,5.357387049295784,-0.045307217957061864
Precipitation,2015-04-08,Linear,19.447726858915107,0.021894336102665415
Precipitation,2015-04-09,Linear,2.9120695950768094,0.16019673745854576
Precipitation,2015-04-10,Linear,16.476907835161875,-0.1258291326893637
Precipitation,2015-04-11,Linear,2.144651486366123,-0.12172346575528505
Precipitation,2015-04-12,Linear,4.188298708378412,-0.00981158320495086
Precipitation,2015-05-01,Linear,13.607194327119286,0.003248854943584092
Precipitation,2015-05-02,Linear,11.339351455135981,0.10456832043338896
Precipitation,2015-05-03,Linear,5.595680374588585,-0.03116894777596954
Precipitation,2015-05-04,Linear,2.6836168376973313,-0.054614280365796526
Precipitation,2015-05-05,Linear,5.731013916070662,0.38653911922400475
Precipitation,2015-05-06,Linear,4.636405044056457,0.01941595035593293
Precipitation,2015-05-07,Linear,9.321690032108574,0.10431480266415762
Precipitation,2015-05-08,Linear,5.895176789957929,0.12951280788685332
Precipitation,2015-05-09,Linear,5.341957313200147,-0.10433450851134941
Precipitation,2015-05-10,Linear,2.3502545534529937,-0.05784106293757605
Precipitation,2015-05-11,Linear,6.055709964519661,0.5919651596718608
Precipitation,2015-05-12,Linear,7.222979305315819,0.027373911779075177
Precipitation,2015-06-01,Linear,1.245457488208382,0.11779581675337031
Precipitation,2015-06-02,Linear,20.017397345036418,0.04036846679582162
Precipitation,2015-06-03,Linear,0.23939516159408442,0.2424492194536842
Precipitation,2015-06-04,Linear,3.192376020781872,-0.0551857153081767
Precipitation,2015-06-05,Linear,7.7794397310673515,0.20136985398334104
Precipitation,2015-06-06,Linear,5.8796669816626,0.1947507338092428
Precipitation,2015-06-07,Linear,8.690100407014965,0.2836009734543455
Precipitation,2015-06-08,Linear,8.519215884310096,0.041497626141403426
Precipitation,2015-06-09,Linear,5.56433120022475,-0.07377162492966748
Precipitation,2015-06-10,Linear,1.535341430713782,0.10428233938033676
Precipitation,2015-06-11,Linear,24.6148965443767,0.03974150958550363
Precipitation,2015-06-12,Linear,9.30011776005604,-0.05601081498995726
Precipitation,2015-07-01,Linear,1.0168379744406382,0.2609146457361697
Precipitation,2015-07-02,Linear,10.374212847211849,-0.12744452695354022
Precipitation,2015-07-03,Linear,0.33639349585930933,-0.017553942359440737
Precipitation,2015-07-04,Linear,4.909963903636756,0.020494245469313624
Precipitation,2015-07-05,Linear,5.866747936883409,0.006068865693836004
Precipitation,2015-07-06,Linear,4.59475322625969,0.11665014459505292
Precipitation,2015-07-07,Linear,9.98937884741324,0.5109704027486804
Precipitation,2015-07-08,Linear,5.1527299515160125,-0.08523646152558911
Precipitation,2015-07-09,Linear,4.75391763783314,-0.09900435542606148
Precipitation,2015-07-10,Linear,4.268317470917766,0.03500763349408898
Precipitation,2015-07-11,Linear,16.644925548935802,0.01855204415565198
Precipitation,2015-07-12,Linear,7.42838414095035,0.15313839937109158
Precipitation,2015-08-01,Linear,1.281404416046104,-0.0754914914032247
Precipitation,2015-08-02,Linear,8.40847997562077,-0.05606776928223637
Precipitation,2015-08-03,Linear,2.9009846370605152,-0.0683579316888441
Precipitation,2015-08-04,Linear,4.758613205119016,0.049979837829097165
Precipitation,2015-08-05,Linear,5.856966071497038,0.14224725574234182
Precipitation,2015-08-06,Linear,8.01701100087518,0.18722913285611886
Precipitation,2015-08-07,Linear,4.433887800964621,-0.10750836614250114
Precipitation,2015-08-08,Linear,3.1091901174283567,0.10025113847298323
Precipitation,2015-08-09,Linear,6.47665500178779,0.003651295159391508
Precipitation,2015-08-10,Linear,3.886765083925348,0.1348782595130254
Precipitation,2015-08-11,Linear,7.158874317617098,-0.01825066776307883
Precipitation,2015-08-12,Linear,19.074575071002812,-0.06865894952434935
Precipitation,2015-09-01,Linear,1.575734481091248,0.2339260328154377
Precipitation,2015-09-02,Linear,6.672720903499755,0.09703872371258325
Precipitation,2015-09-03,Linear,7.547098738119499,-0.044909975191646245
Precipitation,2015-09-04,Linear,6.15716901241646,-0.07714447487609688
Precipitation,2015-09-05,Linear,5.511003077576723,-0.1713635463434605
Precipitation,2015-09-06,Linear,6.906842013743188,0.026782872236950073
Precipitation,2015-09-07,Linear,4.600703994193306,-0.09850014184643718
Precipitation,2015-09-08,Linear,3.0536106584005878,0.24480741375635776
Precipitation,2015-09-09,Linear,9.435869717656868,0.4748640903560419
Precipitation,2015-09-10,Linear,6.551392830252574,0.0746638896566164
Precipitation,2015-09-11,Linear,6.922834123317121,-0.017180850981973313
Precipitation,2015-09-12,Linear,6.533483124145695,-0.13804717719044524
Precipitation,2015-10-01,Linear,5.925347676763798,-0.08031614785038681
Precipitation,2015-10-02,Linear,2.044959240228931,0.09607933794390704
Precipitation,2015-10-03,Linear,6.548858589169859,0.023786076263617374
Precipitation,2015-10-04,Linear,14.844271945093432,-0.07482466077465184
Precipitation,2015-10-05,Linear,8.224881955033329,-0.09947709555905787
Precipitation,2015-10-06,Linear,13.071092060422234,0.21170111877463005
Precipitation,2015-10-07,Linear,2.2475774149726044,0.10029553178349059
Precipitation,2015-10-08,Linear,6.667377125996307,-0.08640390376428277
Precipitation,2015-10-09,Linear,8.472640439690425,0.0509071573240375
Precipitation,2015-10-10,Linear,7.1001007428412795,0.6337917091996106
Precipitation,2015-10-11,Linear,4.803292635483398,0.2119649517588677
Precipitation,2015-10-12,Linear,6.711527358380467,0.15500280885503348
Precipitation,2015-11-01,Linear,3.736404023953382,0.00951870796646957
Precipitation,2015-11-02,Linear,0.7706463162025099,-0.09049300615103624
Precipitation,2015-11-03,Linear,5.182354854690432,-0.02843500941092427
Precipitation,2015-11-04,Linear,6.364334071694982,-0.05995537576688935
Precipitation,2015-11-05,Linear,6.882563488364613,0.24076378671698592
Precipitation,2015-11-06,Linear,6.714413262614059,0.05114716086694762
Precipitation,2015-11-07,Linear,3.7213087450871543,0.058244126313713986
Precipitation,2015-11-08,Linear,11.7872733873339,0.07211035524778599
Precipitation,2015-11-09,Linear,9.016573485990039,-0.07144092256646263
Precipitation,2015-11-10,Linear,2.3985688083697485,0.10343142697673616
Precipitation,2015-11-11,Linear,3.0543628215962704,0.4667555985813984
Precipitation,2015-11-12,Linear,2.8976026495377174,0.0318815050175974
Precipitation,2015-12-01,Linear,9.478310315105075,0.22111117346126383
Precipitation,2015-12-02,Linear,1.4720337396199066,0.09036680539500698
Precipitation,2015-12-03,Linear,4.547962887890003,0.02383576944964588
Precipitation,2015-12-04,Linear,8.024322109769555,0.08662742514605233
Precipitation,2015-12-05,Linear,6.246713770776909,-0.05370493949306393
Precipitation,2015-12-06,Linear,6.435928987510663,-0.11483649160626631
Precipitation,2015-12-07,Linear,7.103037940643094,-0.02762203852122408
Precipitation,2015-12-08,Linear,6.6590580503282535,-0.07073107734546757
Precipitation,2015-12-09,Linear,4.011521898607787,-0.0015148709654513612
Precipitation,2015-12-10,Linear,3.3393871386480125,0.21805424203522222
Precipitation,2015-12-11,Linear,18.33594471658788,0.1880801565675437
Precipitation,2015-12-12,Linear,9.224429212096144,0.6159347983217636
Relative humidity,2015-01-01,RBF linear,10.689899869144293,0.6488541089528365
Relative humidity,2015-01-02,RBF linear,16.276759726190246,0.20479948493937072
Relative humidity,2015-01-03,RBF linear,14.345837776865507,0.38508759872346493
Relative humidity,2015-01-04,RBF linear,26.049673173019155,0.32522582358160623
Relative humidity,2015-01-05,RBF linear,22.876368107113674,0.3490118540193071
Relative humidity,2015-01-06,RBF linear,20.966994816067295,0.25466463065145445
Relative humidity,2015-01-07,RBF linear,21.935805769145354,0.030293499159785107
Relative humidity,2015-01-08,RBF linear,25.813146678573744,-0.06992933305375865
Relative humidity,2015-01-09,RBF linear,24.91997362622681,-0.13017918334001452
Relative humidity,2015-01-10,RBF linear,25.28236938523666,-0.19753475779023585
Relative humidity,2015-01-11,RBF linear,23.44103644536834,-0.20606001595565562
Relative humidity,2015-01-12,RBF linear,21.374970604572972,0.05154702462077292
Relative humidity,2015-02-01,RBF linear,13.897577390608136,0.3511294929151124
Relative humidity,2015-02-02,RBF linear,10.06702195664996,0.6199183748579852
Relative humidity,2015-02-03,RBF linear,18.298420829241408,-0.18886510683544844
Relative humidity,2015-02-04,RBF linear,21.86115875156688,0.32173984664662414
Relative humidity,2015-02-05,RBF linear,21.378160280798173,0.5089838161169349
Relative humidity,2015-02-06,RBF linear,21.388621204185323,0.3972376946068072
Relative humidity,2015-02-07,RBF linear,21.58817188972978,0.2630904679909049
Relative humidity,2015-02-08,RBF linear,21.278251087920868,0.2560347854377065
Relative humidity,2015-02-09,RBF linear,19.71131625199198,0.432365591836188
Relative humidity,2015-02-10,RBF linear,15.957463680819266,0.5842057699845965
Relative humidity,2015-02-11,RBF linear,15.634527300534954,0.5656611744469674
Relative humidity,2015-02-12,RBF linear,21.541456249123488,0.4307026019696715
Relative humidity,2015-03-01,RBF linear,16.368003140549533,0.26662386786896464
Relative humidity,2015-03-02,RBF linear,19.583238418523827,-0.18610664983269493
Relative humidity,2015-03-03,RBF linear,9.223493829369879,0.7175689692874254
Relative humidity,2015-03-04,RBF linear,19.408902603826117,0.5295661181668495
Relative humidity,2015-03-05,RBF linear,15.958500099060666,0.5817553533875269
Relative humidity,2015-03-06,RBF linear,19.179116058573502,0.5525361107020287
Relative humidity,2015-03-07,RBF linear,18.44762069023993,0.46078094347766174
Relative humidity,2015-03-08,RBF linear,15.645278801930028,0.4757357517648019
Relative humidity,2015-03-09,RBF linear,15.473255954654906,0.6089532616703615
Relative humidity,2015-03-10,RBF linear,18.8255800845725,0.41362365158001724
Relative humidity,2015-03-11,RBF linear,18.829505114517325,0.500454341459541
Relative humidity,2015-03-12,RBF linear,20.54201682453193,0.3831942880714211
Relative humidity,2015-04-01,RBF linear,26.15903725585229,0.33940178458147824
Relative humidity,2015-04-02,RBF linear,21.502991559837106,0.5624466326046194
Relative humidity,2015-04-03,RBF linear,19.453878370095964,0.5671412532871792
Relative humidity,2015-04-04,RBF linear,11.621227133531045,0.8187230606767106
Relative humidity,2015-04-05,RBF linear,20.336943098319605,0.2970068249455811
Relative humidity,2015-04-06,RBF linear,18.97328348812566,0.6113972981662193
Relative humidity,2015-04-07,RBF linear,19.264445915694274,0.5265490440038376
Relative humidity,2015-04-08,RBF linear,17.04566429464656,0.5569535054312813
Relative humidity,2015-04-09,RBF linear,16.576938346892163,0.5712293109309003
Relative humidity,2015-04-10,RBF linear,21.394288105345474,0.40752924720962647
Relative humidity,2015-04-11,RBF linear,27.2041068470827,0.21992579025666303
Relative humidity,2015-04-12,RBF linear,21.352466667017378,0.40411670982802184
Relative humidity,2015-05-01,RBF linear,24.809567120733874,0.03385788279820116
Relative humidity,2015-05-02,RBF linear,22.6470568821874,0.46273629392182886
Relative humidity,2015-05-03,RBF linear,19.174675183924005,0.416407353115691
Relative humidity,2015-05-04,RBF linear,20.511017542222593,0.32035409641541635
Relative humidity,2015-05-05,RBF linear,11.825389569123054,0.7178085480786712
Relative humidity,2015-05-06,RBF linear,16.93126057980078,0.5344777641947065
Relative humidity,2015-05-07,RBF linear,19.077455124499384,0.39433395442881264
Relative humidity,2015-05-08,RBF linear,17.459398716016178,0.5204139198099547
Relative humidity,2015-05-09,RBF linear,21.626119707058088,0.22789674741224197
Relative humidity,2015-05-10,RBF linear,19.469175665246286,0.5733711730533156
Relative humidity,2015-05-11,RBF linear,20.4426567819282,0.5219642977573734
Relative humidity,2015-05-12,RBF linear,15.416698937092448,0.6526110638616054
Relative humidity,2015-06-01,RBF linear,20.91278802196529,0.24814252197414038
Relative humidity,2015-06-02,RBF linear,20.87869236956611,0.4017940819765273
Relative humidity,2015-06-03,RBF linear,19.38871349951696,0.5422386466494465
Relative humidity,2015-06-04,RBF linear,16.176807376884163,0.6628444440843295
Relative humidity,2015-06-05,RBF linear,18.14182285568774,0.33558999852802274
Relative humidity,2015-06-06,RBF linear,10.448516074714007,0.7621082022586427
Relative humidity,2015-06-07,RBF linear,14.104451245312978,0.7025908301512142
Relative humidity,2015-06-08,RBF linear,14.994669969746868,0.6787146182761515
Relative humidity,2015-06-09,RBF linear,15.416141127530471,0.6484629465355842
Relative humidity,2015-06-10,RBF linear,15.076383233920918,0.5729562110597837
Relative humidity,2015-06-11,RBF linear,18.78329202562219,0.392748350471104
Relative humidity,2015-06-12,RBF linear,19.131331966168545,0.47227259059783266
Relative humidity,2015-07-01,RBF linear,24.939179141048026,-0.07803564151269989
Relative humidity,2015-07-02,RBF linear,22.087745349831845,0.3089474316079701
Relative humidity,2015-07-03,RBF linear,18.413455970103556,0.4927510911019706
Relative humidity,2015-07-04,RBF linear,19.735753564961033,0.4805315659640893
Relative humidity,2015-07-05,RBF linear,19.637946271210062,0.2731930157270135
Relative humidity,2015-07-06,RBF linear,13.273852581987175,0.6718393459736206
Relative humidity,2015-07-07,RBF linear,9.213675053759992,0.829714371984419
Relative humidity,2015-07-08,RBF linear,14.322224318473232,0.6007169800004408
Relative humidity,2015-07-09,RBF linear,17.184240615749918,0.46348515276969
Relative humidity,2015-07-10,RBF linear,12.99114793102362,0.5880076009751392
Relative humidity,2015-07-11,RBF linear,16.261333636305345,0.43832168044561015
Relative humidity,2015-07-12,RBF linear,16.262972888169582,0.6631047552892514
Relative humidity,2015-08-01,RBF linear,27.919267919213556,-0.27613783478527615
Relative humidity,2015-08-02,RBF linear,22.223220496399733,0.3407118737614318
Relative humidity,2015-08-03,RBF linear,17.727648677027307,0.48183800941128563
Relative humidity,2015-08-04,RBF linear,22.661688962163712,0.2597215383079973
Relative humidity,2015-08-05,RBF linear,19.869635512359462,0.3647354847042762
Relative humidity,2015-08-06,RBF linear,14.29328992500902,0.7207759985002974
Relative humidity,2015-08-07,RBF linear,17.109405107758672,0.5405429264618575
Relative humidity,2015-08-08,RBF linear,10.616422187999868,0.7821840416591341
Relative humidity,2015-08-09,RBF linear,12.645120537400313,0.7600490537656215
Relative humidity,2015-08-10,RBF linear,15.881391036813389,0.6750131738863027
Relative humidity,2015-08-11,RBF linear,19.313483753602238,0.3744740962320855
Relative humidity,2015-08-12,RBF linear,21.138559318274392,0.4164768203581446
Relative humidity,2015-09-01,RBF linear,21.929646706270223,0.10740503875721569
Relative humidity,2015-09-02,RBF linear,18.71955091642909,0.5431421172929514
Relative humidity,2015-09-03,RBF linear,18.42893084617127,0.5123970142408472
Relative humidity,2015-09-04,RBF linear,17.334512227858333,0.5503132534356782
Relative humidity,2015-09-05,RBF linear,20.890202479148943,0.23264651719263008
Relative humidity,2015-09-06,RBF linear,15.027367525954572,0.6463088576631666
Relative humidity,2015-09-07,RBF linear,17.823440146260097,0.42415170523240214
Relative humidity,2015-09-08,RBF linear,13.423375263606866,0.7483741507552251
Relative humidity,2015-09-09,RBF linear,9.688579440152544,0.8870438921611755
Relative humidity,2015-09-10,RBF linear,15.861671504182645,0.6860114673548697
Relative humidity,2015-09-11,RBF linear,21.79997464598708,0.2741938232928055
Relative humidity,2015-09-12,RBF linear,21.742759910834092,0.46992335692763315
Relative humidity,2015-10-01,RBF linear,24.44380269028022,-0.09781122370294633
Relative humidity,2015-10-02,RBF linear,15.905862522398335,0.5593266408744714
Relative humidity,2015-10-03,RBF linear,20.296526880845068,0.39496983702632665
Relative humidity,2015-10-04,RBF linear,20.512233129536593,0.3889462632108545
Relative humidity,2015-10-05,RBF linear,18.677154810837223,0.3403691893565194
Relative humidity,2015-10-06,RBF linear,12.18396610846455,0.49931167187559244
Relative humidity,2015-10-07,RBF linear,11.493149534704585,0.5036276788181547
Relative humidity,2015-10-08,RBF linear,14.862783217786156,0.5947331476559095
Relative humidity,2015-10-09,RBF linear,14.339620479290971,0.6902836447367249
Relative humidity,2015-10-10,RBF linear,9.066958347919748,0.8591997241707175
Relative humidity,2015-10-11,RBF linear,21.62835886791183,0.27659198669351287
Relative humidity,2015-10-12,RBF linear,20.534954557809908,0.5597164172507969
Relative humidity,2015-11-01,RBF linear,21.923740812394183,-0.01329775431415182
Relative humidity,2015-11-02,RBF linear,16.20556452958278,0.5481719599105137
Relative humidity,2015-11-03,RBF linear,21.075203365123347,0.4062200297970578
Relative humidity,2015-11-04,RBF linear,26.772641081087375,0.10377632422495908
Relative humidity,2015-11-05,RBF linear,17.48378185826879,0.49742567080688693
Relative humidity,2015-11-06,RBF linear,16.789252105490526,0.42390404653484526
Relative humidity,2015-11-07,RBF linear,12.395476450924066,0.6298182651381369
Relative humidity,2015-11-08,RBF linear,18.87273508414787,0.4071413852659504
Relative humidity,2015-11-09,RBF linear,20.520263468682128,0.31216953708773915
Relative humidity,2015-11-10,RBF linear,21.134943635097297,0.2642974381272171
Relative humidity,2015-11-11,RBF linear,9.910175581625113,0.8109669258092824
Relative humidity,2015-11-12,RBF linear,15.33501732004516,0.7030328994541803
Relative humidity,2015-12-01,RBF linear,20.584659366193396,0.06533624329105256
Relative humidity,2015-12-02,RBF linear,17.730395863721178,0.6326046352145096
Relative humidity,2015-12-03,RBF linear,23.904703259852273,0.3085030094703703
Relative humidity,2015-12-04,RBF linear,23.21283934580519,0.2515964478776366
Relative humidity,2015-12-05,RBF linear,14.434953219027781,0.546041177250865
Relative humidity,2015-12-06,RBF linear,17.157752711349588,0.5060523118656808
Relative humidity,2015-12-07,RBF linear,12.852984737004743,0.7282198387548002
Relative humidity,2015-12-08,RBF linear,18.71317788429257,0.42969461010525645
Relative humidity,2015-12-09,RBF linear,21.07806644535844,0.42138119002828694
Relative humidity,2015-12-10,RBF linear,20.161977908743232,0.5523621741596368
Relative humidity,2015-12-11,RBF linear,17.795573295977764,0.6039876436200149
Relative humidity,2015-12-12,RBF linear,10.162801170347262,0.7094310358830188
Soil moisture 10cm,2015-01-01,Kriging spherical,0.15341456183798585,0.43752562233359615
Soil moisture 10cm,2015-01-02,Kriging spherical,0.15267785494047326,0.4642213593355818
Soil moisture 10cm,2015-01-03,Kriging spherical,0.15496421273060346,0.5080596419759859
Soil moisture 10cm,2015-01-04,Kriging spherical,0.14674802287340166,0.5693407315416872
Soil moisture 10cm,2015-01-05,Kriging spherical,0.1529523523538017,0.47924257961538946
Soil moisture 10cm,2015-01-06,Kriging spherical,0.15676820743564404,0.3633098495947098
Soil moisture 10cm,2015-01-07,Kriging spherical,0.15394799881147994,0.41427436303934445
Soil moisture 10cm,2015-01-08,Kriging spherical,0.16995496023182732,0.2411502295768257
Soil moisture 10cm,2015-01-09,Kriging spherical,0.17007140387586558,0.2345172439488055
Soil moisture 10cm,2015-01-10,Kriging spherical,0.1728461865748161,0.1235520277709485
Soil moisture 10cm,2015-01-11,Kriging spherical,0.1467615990031293,0.48032583662440015
Soil moisture 10cm,2015-01-12,Kriging spherical,0.15166119922289373,0.44812247438298075
Soil moisture 10cm,2015-02-01,Kriging spherical,0.15637561049971657,0.31331581964219923
Soil moisture 10cm,2015-02-02,Kriging spherical,0.15350850153229537,0.43867884056304174
Soil moisture 10cm,2015-02-03,Kriging spherical,0.15430443475723604,0.4160401264690358
Soil moisture 10cm,2015-02-04,Kriging spherical,0.14731528487938078,0.4634624039780069
Soil moisture 10cm,2015-02-05,Kriging spherical,0.15336219500545845,0.3938669395056532
Soil moisture 10cm,2015-02-06,Kriging spherical,0.15470564102628906,0.35646023224477724
Soil moisture 10cm,2015-02-07,Kriging spherical,0.16280889228418513,0.32754577117114414
Soil moisture 10cm,2015-02-08,Kriging spherical,0.1771824220175889,0.21848123482697515
Soil moisture 10cm,2015-02-09,Kriging spherical,0.17680828037973667,0.24659175175577594
Soil moisture 10cm,2015-02-10,Kriging spherical,0.17978287085716985,0.1009202604519341
Soil moisture 10cm,2015-02-11,Kriging spherical,0.15371031697544163,0.400860264512658
Soil moisture 10cm,2015-02-12,Kriging spherical,0.14939358147587606,0.44967547592000606
Soil moisture 10cm,2015-03-01,Kriging spherical,0.1508703933833013,0.46535295598565735
Soil moisture 10cm,2015-03-02,Kriging spherical,0.15478182676217234,0.4598456651773894
Soil moisture 10cm,2015-03-03,Kriging spherical,0.15555458695378796,0.4279887351002243
Soil moisture 10cm,2015-03-04,Kriging spherical,0.14743838704762025,0.4896289821056915
Soil moisture 10cm,2015-03-05,Kriging spherical,0.1528154997338519,0.4587512932063125
Soil moisture 10cm,2015-03-06,Kriging spherical,0.15042201788291812,0.414031568990382
Soil moisture 10cm,2015-03-07,Kriging spherical,0.14941226996601278,0.4432961855041992
Soil moisture 10cm,2015-03-08,Kriging spherical,0.17074534515579637,0.23845557611843915
Soil moisture 10cm,2015-03-09,Kriging spherical,0.17250508463327577,0.2919249549304031
Soil moisture 10cm,2015-03-10,Kriging spherical,0.17963480954211244,0.12952167654230964
Soil moisture 10cm,2015-03-11,Kriging spherical,0.15576620368597746,0.4653051666620619
Soil moisture 10cm,2015-03-12,Kriging spherical,0.15417746896762466,0.47320201071120793
Soil moisture 10cm,2015-04-01,Kriging spherical,0.1556402941385567,0.5177705920526209
Soil moisture 10cm,2015-04-02,Kriging spherical,0.15410807754118674,0.5342260210958445
Soil moisture 10cm,2015-04-03,Kriging spherical,0.15586990822282445,0.6134711903140707
Soil moisture 10cm,2015-04-04,Kriging spherical,0.13634296461616988,0.6463712224093031
Soil moisture 10cm,2015-04-05,Kriging spherical,0.14885201273508555,0.4708965159210074
Soil moisture 10cm,2015-04-06,Kriging spherical,0.15093121017129124,0.426292439400757
Soil moisture 10cm,2015-04-07,Kriging spherical,0.14210441759485265,0.5209406864836112
Soil moisture 10cm,2015-04-08,Kriging spherical,0.16759727238214314,0.24808400829099783
Soil moisture 10cm,2015-04-09,Kriging spherical,0.16771803956507522,0.2929778493723472
Soil moisture 10cm,2015-04-10,Kriging spherical,0.1671488531405083,0.26609873230395914
Soil moisture 10cm,2015-04-11,Kriging spherical,0.15000303133265974,0.5203613418147287
Soil moisture 10cm,2015-04-12,Kriging spherical,0.15122925755501948,0.4952592844893619
Soil moisture 10cm,2015-05-01,Kriging spherical,0.15584958795777779,0.4609778820163074
Soil moisture 10cm,2015-05-02,Kriging spherical,0.15942867670556307,0.4328439212143091
Soil moisture 10cm,2015-05-03,Kriging spherical,0.15240384922935007,0.5557923725945624
Soil moisture 10cm,2015-05-04,Kriging spherical,0.13358822560905828,0.576229955046969
Soil moisture 10cm,2015-05-05,Kriging spherical,0.14500124519040408,0.3749941549261466
Soil moisture 10cm,2015-05-06,Kriging spherical,0.14131080627264095,0.43466938604378563
Soil moisture 10cm,2015-05-07,Kriging spherical,0.13971784177644536,0.4255060954545089
Soil moisture 10cm,2015-05-08,Kriging spherical,0.15382182637892336,0.2765113307294993
Soil moisture 10cm,2015-05-09,Kriging spherical,0.15696222247401567,0.3062486145575336
Soil moisture 10cm,2015-05-10,Kriging spherical,0.16336928133493178,0.16933462637220476
Soil moisture 10cm,2015-05-11,Kriging spherical,0.14590185578202233,0.5428068188003508
Soil moisture 10cm,2015-05-12,Kriging spherical,0.15016701441462285,0.511995498108024
Soil moisture 10cm,2015-06-01,Kriging spherical,0.15439243819687573,0.48752465916004206
Soil moisture 10cm,2015-06-02,Kriging spherical,0.1529867628913813,0.5660761058415147
Soil moisture 10cm,2015-06-03,Kriging spherical,0.15047168269676864,0.5994085663988152
Soil moisture 10cm,2015-06-04,Kriging spherical,0.1381740612975786,0.6079612577498247
Soil moisture 10cm,2015-06-05,Kriging spherical,0.15101897936636136,0.37531120989210726
Soil moisture 10cm,2015-06-06,Kriging spherical,0.1386942410155963,0.5134184350855535
Soil moisture 10cm,2015-06-07,Kriging spherical,0.1397213679332895,0.44527621883977647
Soil moisture 10cm,2015-06-08,Kriging spherical,0.15284222622485785,0.25220939348996
Soil moisture 10cm,2015-06-09,Kriging spherical,0.1511886301563939,0.32977948511675853
Soil moisture 10cm,2015-06-10,Kriging spherical,0.1456194742076907,0.2697306794158206
Soil moisture 10cm,2015-06-11,Kriging spherical,0.136664911185221,0.508229914725853
Soil moisture 10cm,2015-06-12,Kriging spherical,0.14048279692144805,0.5270501215460653
Soil moisture 10cm,2015-07-01,Kriging spherical,0.15217460309334785,0.47816240168934215
Soil moisture 10cm,2015-07-02,Kriging spherical,0.1610363294851351,0.4677024208544639
Soil moisture 10cm,2015-07-03,Kriging spherical,0.15274606379355596,0.5570083977139169
Soil moisture 10cm,2015-07-04,Kriging spherical,0.14470587540938326,0.5549249380187468
Soil moisture 10cm,2015-07-05,Kriging spherical,0.15221489552737144,0.3407361611310932
Soil moisture 10cm,2015-07-06,Kriging spherical,0.14464749371320915,0.45469751040013273
Soil moisture 10cm,2015-07-07,Kriging spherical,0.1353896544978207,0.5607182334565279
Soil moisture 10cm,2015-07-08,Kriging spherical,0.15296208173898607,0.44222333303663264
Soil moisture 10cm,2015-07-09,Kriging spherical,0.15689220508237475,0.2821445004312406
Soil moisture 10cm,2015-07-10,Kriging spherical,0.15004993367346323,0.2795735315995381
Soil moisture 10cm,2015-07-11,Kriging spherical,0.13563614661462975,0.5423150454757569
Soil moisture 10cm,2015-07-12,Kriging spherical,0.14065204700548642,0.5345379910359175
Soil moisture 10cm,2015-08-01,Kriging spherical,0.14897069749617955,0.34731572496078494
Soil moisture 10cm,2015-08-02,Kriging spherical,0.16379021057606288,0.30306250819705605
Soil moisture 10cm,2015-08-03,Kriging spherical,0.1471346488506786,0.4633565352577705
Soil moisture 10cm,2015-08-04,Kriging spherical,0.13896286078807543,0.4310745024458126
Soil moisture 10cm,2015-08-05,Kriging spherical,0.13595496123740655,0.36428897003426175
Soil moisture 10cm,2015-08-06,Kriging spherical,0.1333217565863462,0.45889363154296403
Soil moisture 10cm,2015-08-07,Kriging spherical,0.13263751297961163,0.48260338894422944
Soil moisture 10cm,2015-08-08,Kriging spherical,0.13767260206285434,0.34944180109124495
Soil moisture 10cm,2015-08-09,Kriging spherical,0.13678121340800783,0.3328923300176606
Soil moisture 10cm,2015-08-10,Kriging spherical,0.13703866646428792,0.2996837918086654
Soil moisture 10cm,2015-08-11,Kriging spherical,0.13714133667955078,0.5246352576693414
Soil moisture 10cm,2015-08-12,Kriging spherical,0.14532480406937182,0.4461066575953783
Soil moisture 10cm,2015-09-01,Kriging spherical,0.14712683281209274,0.3840886712578633
Soil moisture 10cm,2015-09-02,Kriging spherical,0.16209232548725191,0.35522940216277654
Soil moisture 10cm,2015-09-03,Kriging spherical,0.15132477718051693,0.43629964988398146
Soil moisture 10cm,2015-09-04,Kriging spherical,0.140010470782602,0.44051361222619717
Soil moisture 10cm,2015-09-05,Kriging spherical,0.1420351342463195,0.2675509052533411
Soil moisture 10cm,2015-09-06,Kriging spherical,0.13306789385860798,0.4191779939243372
Soil moisture 10cm,2015-09-07,Kriging spherical,0.13337262129504912,0.3595395332399514
Soil moisture 10cm,2015-09-08,Kriging spherical,0.137272887063612,0.25017324709097527
Soil moisture 10cm,2015-09-09,Kriging spherical,0.13684425464349692,0.41613980942165757
Soil moisture 10cm,2015-09-10,Kriging spherical,0.1450346888125356,0.26782976593040464
Soil moisture 10cm,2015-09-11,Kriging spherical,0.13979606759526397,0.5176467855900625
Soil moisture 10cm,2015-09-12,Kriging spherical,0.15056120953936808,0.43785012511716653
Soil moisture 10cm,2015-10-01,Kriging spherical,0.14817987067193847,0.4615682836262493
Soil moisture 10cm,2015-10-02,Kriging spherical,0.15428661684332012,0.47280732291872296
Soil moisture 10cm,2015-10-03,Kriging spherical,0.15078035356073838,0.4382513401851106
Soil moisture 10cm,2015-10-04,Kriging spherical,0.13835085238214093,0.532124817397357
Soil moisture 10cm,2015-10-05,Kriging spherical,0.14953930902306395,0.20863124196448268
Soil moisture 10cm,2015-10-06,Kriging spherical,0.13234802368842075,0.42569794105526715
Soil moisture 10cm,2015-10-07,Kriging spherical,0.13130709466663829,0.3984272347748554
Soil moisture 10cm,2015-10-08,Kriging spherical,0.14179438144410414,0.22395255403596856
Soil moisture 10cm,2015-10-09,Kriging spherical,0.14250555078041735,0.24819897050329112
Soil moisture 10cm,2015-10-10,Kriging spherical,0.146451515740238,0.24455215680991899
Soil moisture 10cm,2015-10-11,Kriging spherical,0.13853659550073735,0.4616769124624874
Soil moisture 10cm,2015-10-12,Kriging spherical,0.1505577886711204,0.37850856145044876
Soil moisture 10cm,2015-11-01,Kriging spherical,0.15751079419044595,0.487225178677379
Soil moisture 10cm,2015-11-02,Kriging spherical,0.15994463075112964,0.4488236869037991
Soil moisture 10cm,2015-11-03,Kriging spherical,0.1553595963422027,0.4676908632697522
Soil moisture 10cm,2015-11-04,Kriging spherical,0.14566828440857577,0.5320590179190601
Soil moisture 10cm,2015-11-05,Kriging spherical,0.15516814696976486,0.3610669076192459
Soil moisture 10cm,2015-11-06,Kriging spherical,0.15716385696341048,0.41331863044017175
Soil moisture 10cm,2015-11-07,Kriging spherical,0.15796076165820044,0.39103988378703164
Soil moisture 10cm,2015-11-08,Kriging spherical,0.16809524496096484,0.29042999483015886
Soil moisture 10cm,2015-11-09,Kriging spherical,0.16641162312878702,0.24350692217646186
Soil moisture 10cm,2015-11-10,Kriging spherical,0.167194442558905,0.17688847357946574
Soil moisture 10cm,2015-11-11,Kriging spherical,0.14940361644786868,0.4422702193647589
Soil moisture 10cm,2015-11-12,Kriging spherical,0.1537486086473805,0.4735918957527587
Soil moisture 10cm,2015-12-01,Kriging spherical,0.1545175247993107,0.4984486293678772
Soil moisture 10cm,2015-12-02,Kriging spherical,0.15727898540297677,0.4946888377326402
Soil moisture 10cm,2015-12-03,Kriging spherical,0.1561773118215301,0.5080168266121345
Soil moisture 10cm,2015-12-04,Kriging spherical,0.1495151908749727,0.5217758383853512
Soil moisture 10cm,2015-12-05,Kriging spherical,0.1556536934377294,0.3871457204249732
Soil moisture 10cm,2015-12-06,Kriging spherical,0.159398988005734,0.32583212577595405
Soil moisture 10cm,2015-12-07,Kriging spherical,0.1588473610403119,0.34610527543084135
Soil moisture 10cm,2015-12-08,Kriging spherical,0.1661272467704215,0.3204912161432049
Soil moisture 10cm,2015-12-09,Kriging spherical,0.1662760355699526,0.2623878187380582
Soil moisture 10cm,2015-12-10,Kriging spherical,0.1715964717387356,0.1519059064509235
Soil moisture 10cm,2015-12-11,Kriging spherical,0.1522533322848627,0.45321952806338023
Soil moisture 10cm,2015-12-12,Kriging spherical,0.1544826217773571,0.47143137311877614
Soil temperature,2015-01-01,RBF linear,267.01900387550586,0.8443677968657689
Soil temperature,2015-01-02,RBF linear,268.4124930754959,0.7043909024386042
Soil temperature,2015-01-03,RBF linear,268.8069673006454,0.7768638632766617
Soil temperature,2015-01-04,RBF linear,279.9764886875356,0.5156096400902065
Soil temperature,2015-01-05,RBF linear,286.0164628427826,0.4787360195937211
Soil temperature,2015-01-06,RBF linear,289.34476763209096,0.5745075086211371
Soil temperature,2015-01-07,RBF linear,292.86926322202163,0.44677876479788053
Soil temperature,2015-01-08,RBF linear,295.20519402041555,0.5307060714679724
Soil temperature,2015-01-09,RBF linear,293.3754726330376,0.5289199741217119
Soil temperature,2015-01-10,RBF linear,286.9941472896827,0.7175534969588059
Soil temperature,2015-01-11,RBF linear,281.3644161309697,0.8506778850218417
Soil temperature,2015-01-12,RBF linear,272.3233427420594,0.8012799134999206
Soil temperature,2015-02-01,RBF linear,266.81719217416054,0.8546176267604562
Soil temperature,2015-02-02,RBF linear,267.4363903447315,0.8376985439262691
Soil temperature,2015-02-03,RBF linear,269.74557863677325,0.8331338891947787
Soil temperature,2015-02-04,RBF linear,279.10236966620755,0.6964230544357091
Soil temperature,2015-02-05,RBF linear,285.3019777772975,0.49762235200629523
Soil temperature,2015-02-06,RBF linear,287.1271511207578,0.5743289137361676
Soil temperature,2015-02-07,RBF linear,290.74979824471234,0.6525080030418177
Soil temperature,2015-02-08,RBF linear,290.48979805798814,0.7162437234641907
Soil temperature,2015-02-09,RBF linear,289.4511751742998,0.6901742834429324
Soil temperature,2015-02-10,RBF linear,281.55398752593146,0.8667540802410685
Soil temperature,2015-02-11,RBF linear,278.281128993795,0.8631360432021201
Soil temperature,2015-02-12,RBF linear,271.9219827929334,0.8432994710443209
Soil temperature,2015-03-01,RBF linear,267.65825658165795,0.7883057843064424
Soil temperature,2015-03-02,RBF linear,266.53136099762133,0.7087061391618679
Soil temperature,2015-03-03,RBF linear,268.4633677395642,0.8474276995273023
Soil temperature,2015-03-04,RBF linear,278.73648262677415,0.8746489163705378
Soil temperature,2015-03-05,RBF linear,286.0389465476225,0.5826509244018285
Soil temperature,2015-03-06,RBF linear,287.82643001582005,0.4953557762819371
Soil temperature,2015-03-07,RBF linear,291.1677184224853,0.5683050831610212
Soil temperature,2015-03-08,RBF linear,290.9701471263314,0.7295939239250848
Soil temperature,2015-03-09,RBF linear,288.92370031090826,0.6268818971374204
Soil temperature,2015-03-10,RBF linear,279.5377706791782,0.8828652829570973
Soil temperature,2015-03-11,RBF linear,275.9383843553581,0.8375597330489147
Soil temperature,2015-03-12,RBF linear,268.010883320798,0.8211722043649455
Soil temperature,2015-04-01,RBF linear,260.7356915619799,0.5909201884324465
Soil temperature,2015-04-02,RBF linear,261.55735363577037,0.7411550672937577
Soil temperature,2015-04-03,RBF linear,263.4493389924491,0.8693256980401644
Soil temperature,2015-04-04,RBF linear,272.83103075218077,0.9215525143866352
Soil temperature,2015-04-05,RBF linear,280.634673391111,0.7881310285761283
Soil temperature,2015-04-06,RBF linear,282.84198613086284,0.7904975240791982
Soil temperature,2015-04-07,RBF linear,286.15517589745946,0.5834412505789037
Soil temperature,2015-04-08,RBF linear,286.2735427147257,0.8326714220069286
Soil temperature,2015-04-09,RBF linear,283.9558043153232,0.7463901051318816
Soil temperature,2015-04-10,RBF linear,275.55468711819043,0.8805331307248927
Soil temperature,2015-04-11,RBF linear,272.6182053543245,0.7518507739143483
Soil temperature,2015-04-12,RBF linear,264.475034283493,0.7550464931727909
Soil temperature,2015-05-01,RBF linear,256.72789350120934,0.6533878194208631
Soil temperature,2015-05-02,RBF linear,258.4753249538364,0.6550685467351641
Soil temperature,2015-05-03,RBF linear,256.8644176985177,0.6342376520572259
Soil temperature,2015-05-04,RBF linear,266.4151035838297,0.7670145985334361
Soil temperature,2015-05-05,RBF linear,274.7505618835052,0.7997291093314595
Soil temperature,2015-05-06,RBF linear,278.6175682559763,0.7424653639084373
Soil temperature,2015-05-07,RBF linear,281.2224207962959,0.6536068070270984
Soil temperature,2015-05-08,RBF linear,282.2864792854093,0.7073382520315113
Soil temperature,2015-05-09,RBF linear,280.50514689312286,0.7239362406939936
Soil temperature,2015-05-10,RBF linear,273.18351719544796,0.7793003800947811
Soil temperature,2015-05-11,RBF linear,270.0820542135299,0.7607085591856545
Soil temperature,2015-05-12,RBF linear,262.9065835841521,0.7213908976711497
Soil temperature,2015-06-01,RBF linear,252.82964999710074,0.7113999882066894
Soil temperature,2015-06-02,RBF linear,255.75751256976233,0.6234574084585677
Soil temperature,2015-06-03,RBF linear,255.01951606653438,0.6584592465494764
Soil temperature,2015-06-04,RBF linear,264.8772232756164,0.7860284795778927
Soil temperature,2015-06-05,RBF linear,271.16289706583393,0.7529908153989355
Soil temperature,2015-06-06,RBF linear,275.72786170120924,0.8104995286277319
Soil temperature,2015-06-07,RBF linear,277.2749266678424,0.7007749407617655
Soil temperature,2015-06-08,RBF linear,276.8169145200842,0.7587853997627021
Soil temperature,2015-06-09,RBF linear,275.2793638737736,0.4616523970958355
Soil temperature,2015-06-10,RBF linear,268.45828970932683,0.6301010883339119
Soil temperature,2015-06-11,RBF linear,263.64364201796593,0.5268330367415494
Soil temperature,2015-06-12,RBF linear,257.3692642404135,0.5215530783464576
Soil temperature,2015-07-01,RBF linear,247.3672356868591,0.5294878122494052
Soil temperature,2015-07-02,RBF linear,254.5071251246333,0.600911802020421
Soil temperature,2015-07-03,RBF linear,253.94746394170113,0.5944576587122595
Soil temperature,2015-07-04,RBF linear,261.92179571897293,0.617379104830224
Soil temperature,2015-07-05,RBF linear,267.7482865778652,0.4135511733618357
Soil temperature,2015-07-06,RBF linear,273.08748518436465,0.6765098630085191
Soil temperature,2015-07-07,RBF linear,274.10132294005984,0.7480541991631833
Soil temperature,2015-07-08,RBF linear,275.6647589852073,0.7112245125576168
Soil temperature,2015-07-09,RBF linear,274.6695044617247,0.5033393173379962
Soil temperature,2015-07-10,RBF linear,267.2151479456546,0.6593150159544828
Soil temperature,2015-07-11,RBF linear,260.1377746137628,0.6081074541749137
Soil temperature,2015-07-12,RBF linear,255.81613803365022,0.45479989957462535
Soil temperature,2015-08-01,RBF linear,245.23464427271603,0.5244321335337282
Soil temperature,2015-08-02,RBF linear,254.52157070011,0.6252817575324285
Soil temperature,2015-08-03,RBF linear,254.60958422475693,0.6255996255581754
Soil temperature,2015-08-04,RBF linear,261.39430169975327,0.6961921089448784
Soil temperature,2015-08-05,RBF linear,266.823505635202,0.5868953761765545
Soil temperature,2015-08-06,RBF linear,273.25601754652035,0.7165893889808035
Soil temperature,2015-08-07,RBF linear,273.46629616606697,0.6688589962797197
Soil temperature,2015-08-08,RBF linear,274.73369941675696,0.8134616181166965
Soil temperature,2015-08-09,RBF linear,273.3611151102783,0.6885478361034695
Soil temperature,2015-08-10,RBF linear,266.2435006341792,0.7009114843264783
Soil temperature,2015-08-11,RBF linear,258.38232881188543,0.5960369059057096
Soil temperature,2015-08-12,RBF linear,256.0827101265176,0.5042016816324779
Soil temperature,2015-09-01,RBF linear,247.2241342951886,0.4864688625461418
Soil temperature,2015-09-02,RBF linear,254.28839180467568,0.5295437355545793
Soil temperature,2015-09-03,RBF linear,256.71170263811865,0.5626511560205206
Soil temperature,2015-09-04,RBF linear,262.67678040606376,0.6571721715942571
Soil temperature,2015-09-05,RBF linear,267.95183048757707,0.6026348744278941
Soil temperature,2015-09-06,RBF linear,273.8345474020594,0.5877727451225438
Soil temperature,2015-09-07,RBF linear,274.4755892725464,0.5624454863829357
Soil temperature,2015-09-08,RBF linear,275.804030300034,0.7394258704197261
Soil temperature,2015-09-09,RBF linear,274.0123752948373,0.8560324268626068
Soil temperature,2015-09-10,RBF linear,268.12941739546574,0.7598452159330593
Soil temperature,2015-09-11,RBF linear,261.04545980069804,0.7444022395983211
Soil temperature,2015-09-12,RBF linear,260.1814124449148,0.6854376920814677
Soil temperature,2015-10-01,RBF linear,251.4189511666185,0.72720210835924
Soil temperature,2015-10-02,RBF linear,258.77009948851037,0.8022782760461923
Soil temperature,2015-10-03,RBF linear,265.17282483501145,0.8148492956424868
Soil temperature,2015-10-04,RBF linear,269.8074049596205,0.8642038479303193
Soil temperature,2015-10-05,RBF linear,274.45706602019567,0.7390764852089431
Soil temperature,2015-10-06,RBF linear,279.2515989560487,0.7408910707430832
Soil temperature,2015-10-07,RBF linear,280.34183505866037,0.7682632403529231
Soil temperature,2015-10-08,RBF linear,280.9001474061697,0.771932489538564
Soil temperature,2015-10-09,RBF linear,278.1053178126202,0.849187974200751
Soil temperature,2015-10-10,RBF linear,272.72760060112324,0.8402257208953735
Soil temperature,2015-10-11,RBF linear,264.8891122186093,0.7810372222673748
Soil temperature,2015-10-12,RBF linear,263.3101377453685,0.8331788664132
Soil temperature,2015-11-01,RBF linear,259.01110783069515,0.7888652447603726
Soil temperature,2015-11-02,RBF linear,261.140654240105,0.6889618611522452
Soil temperature,2015-11-03,RBF linear,268.8035112253531,0.8324538273285609
Soil temperature,2015-11-04,RBF linear,272.71595828633804,0.8189228207771686
Soil temperature,2015-11-05,RBF linear,276.6292151429678,0.7637187978349391
Soil temperature,2015-11-06,RBF linear,283.02466243689616,0.6368009240748996
Soil temperature,2015-11-07,RBF linear,285.9038815882033,0.7059588371923534
Soil temperature,2015-11-08,RBF linear,286.5504185615832,0.6295904330200969
Soil temperature,2015-11-09,RBF linear,282.7818831463877,0.6980518772085648
Soil temperature,2015-11-10,RBF linear,278.6406820643032,0.6915543120738926
Soil temperature,2015-11-11,RBF linear,270.35934313815665,0.9227476415124275
Soil temperature,2015-11-12,RBF linear,269.8125029306978,0.9141069402294673
Soil temperature,2015-12-01,RBF linear,266.2471972838386,0.8052216102205236
Soil temperature,2015-12-02,RBF linear,266.39534902545927,0.6239078308942722
Soil temperature,2015-12-03,RBF linear,275.063813228488,0.6656127416775061
Soil temperature,2015-12-04,RBF linear,278.8791035809964,0.6535112809452243
Soil temperature,2015-12-05,RBF linear,281.8824794894462,0.8022099214951185
Soil temperature,2015-12-06,RBF linear,288.5752000185197,0.6394211803513672
Soil temperature,2015-12-07,RBF linear,290.3932168637739,0.6556087506088727
Soil temperature,2015-12-08,RBF linear,289.9553644487293,0.6593558285527802
Soil temperature,2015-12-09,RBF linear,284.36156463060564,0.6928981382084545
Soil temperature,2015-12-10,RBF linear,280.2862479603475,0.7568300962036401
Soil temperature,2015-12-11,RBF linear,271.44161280868485,0.924285527463745
Soil temperature,2015-12-12,RBF linear,270.6438089837271,0.9352047668418033
